area_sqft,bedroom,bathroom,parking,price,Cluster
5476.0,6,3,10,90000000,5
7187.25,5,3,9,80000000,5
5818.25,5,3,12,70000000,5
3508.0625,6,4,9,130000000,5
6673.875,6,3,10,100000000,5
4385.078125,5,6,9,100000000,5
16855.8125,3,4,1,11000000,0
3165.8125,5,4,9,50000000,5
4406.46875,10,8,5,100000000,0
1369.0,6,4,1,32500000,0
4791.5,4,5,3,32000000,0
1540.125,5,4,1,39900000,0
1711.25,2,2,1,15000000,1
2738.0,5,5,3,52500000,0
1369.0,6,6,1,26500000,0
1369.0,6,6,1,25500000,0
2053.5,6,4,1,33000000,0
2053.5,4,4,3,18500000,0
3422.5,7,4,3,62000000,0
1369.0,0,0,0,10500000,1
1197.875,7,3,1,20500000,0
1197.875,0,0,0,22000000,1
7187.25,95,40,7,145000000,4
6502.75,5,6,4,55000000,0
1369.0,4,4,1,24000000,0
2087.725,6,6,3,37000000,0
6502.75,6,6,4,102500000,0
1540.125,7,4,2,22000000,0
2224.625,6,6,2,58500000,0
1026.75,4,3,1,18500000,0
1197.875,4,3,1,21000000,0
16599.125,5,3,1,17500000,0
3422.5,5,6,3,130000000,2
7187.25,8,8,4,105000000,0
21904.0,5,5,4,105000000,2
1369.0,6,5,1,27500000,0
2395.75,7,7,2,40000000,0
1711.25,6,6,2,26500000,0
2500.0,0,2,2,50,1
1060.975,6,6,1,22500000,0
3764.75,6,6,4,60000000,0
10267.5,6,5,10,250000000,2
3080.25,9,6,3,40000000,0
1197.875,6,5,1,30000000,0
4107.0,6,6,4,65000000,0
1711.25,5,6,2,33000000,0
1369.0,5,5,1,30500000,0
1060.975,2,2,1,14000000,1
1369.0,6,6,1,28000000,0
1369.0,10,5,3,41000000,0
1540.125,6,6,2,27000000,0
1060.975,5,5,1,22000000,0
2738.0,5,5,3,37000000,0
2310.1875,4,3,1,46000000,0
1369.0,5,3,1,22500000,0
1540.125,3,3,2,29000000,0
1026.75,3,4,1,31000000,0
1818.203125,0,0,0,42500000,1
1711.25,5,5,2,37500000,0
21904.0,4,3,4,105000000,2
3401.109375,4,5,4,80000000,0
1540.125,3,4,2,25000000,0
2395.75,4,4,4,32500000,0
1197.875,5,3,1,21000000,0
10609.75,0,0,0,120000000,2
2053.5,4,2,1,7700000,0
1475.953125,7,3,2,20000000,0
1026.75,7,4,1,19000000,0
1369.0,0,4,2,33500000,0
1754.03125,0,0,0,37000000,1
2566.875,0,0,0,36000000,1
2994.6875,8,4,5,40000000,0
1026.75,2,1,1,12500000,1
1112.3125,5,3,1,19500000,0
1197.875,5,3,1,22000000,0
1369.0,4,3,1,21500000,0
1197.875,4,3,1,19500000,0
1026.75,4,3,1,19000000,0
1026.75,4,3,1,18000000,0
1860.984375,8,5,2,37000000,0
1369.0,6,3,1,34000000,0
1139.0625,2,1,1,800000,1
1411.78125,8,4,1,26000000,0
2224.625,5,3,1,22000000,0
1369.0,7,3,1,23000000,0
1240.65625,5,2,1,15500000,0
1129.425,6,4,1,23500000,0
2139.0625,0,0,0,57500000,1
3422.5,5,5,3,90000000,0
1369.0,4,3,1,17000000,0
1112.3125,2,1,1,12500000,1
1882.375,0,0,0,2100000,1
3764.75,4,4,4,45000000,0
1026.75,2,1,1,12500000,1
1197.875,4,3,2,19000000,0
3422.5,0,0,0,32000000,1
1369.0,2,1,2,15500000,1
4107.0,0,0,0,3000000,1
6160.5,0,0,0,6500000,1
1711.25,0,0,0,2350000,1
1369.0,0,0,0,4100000,1
14397.75,0,0,0,100000,1
3422.5,0,0,0,200000,1
2087.725,0,0,0,3500000,1
1369.0,2,1,0,30000,1
6160.5,0,0,0,2800000,1
6160.5,0,0,0,3500000,1
2395.75,0,0,0,1500000,1
41917.5,0,0,0,1250000,3
1369.0,0,0,0,1100000,1
1882.375,0,0,0,8500000,1
1369.0,0,0,0,2850000,1
1711.25,0,0,0,1450000,1
14032.25,0,0,0,2600000,1
5476.0,0,0,0,3800000,1
3422.5,0,0,0,3500000,1
1026.75,0,0,0,1000000,1
2738.0,0,0,0,4200000,1
43808.0,0,0,0,6000000,3
1882.375,2,1,1,20000,1
2053.5,0,0,0,2100000,1
1000.0,2,2,0,32000,1
1540.125,0,0,0,3500000,1
3080.25,7,7,3,75000,0
3422.5,1,1,1,30000,1
9925.25,0,0,0,8500000,1
1711.25,0,0,0,2450000,1
5476.0,0,0,0,5700000,1
310.0,0,1,0,20000,1
320.0,0,1,0,65000,1
3080.25,0,0,0,2500000,1
3080.25,0,0,2,35000,1
21904.0,0,0,0,4000000,1
7187.25,6,7,6,250000,0
1369.0,0,0,0,5700000,1
1711.25,0,0,0,3000000,1
850.0,0,2,5,60000,0
4107.0,0,0,0,5500000,1
2395.75,0,0,0,7000000,1
1085.0,2,2,1,25000,1
500.0,0,0,4,30000,1
3679.1875,0,0,0,550000,1
1400.0,0,0,0,115000,1
1400.0,0,0,0,35000000,1
8556.25,0,0,0,1900000,1
27380.0,5,4,11,600000,5
1711.25,0,0,0,3000000,1
1583.0,3,3,1,23000000,0
1514.0,3,2,1,80000,1
2369.25,0,0,0,700000,1
2053.5,2,2,2,35000,1
900.0,0,1,1,290000,1
1711.25,3,4,2,150000,0
3336.9375,0,0,0,11000000,1
342.25,0,0,0,55000,1
5476.0,0,0,0,55000,1
3422.5,0,0,0,11000000,1
4107.0,0,0,0,20000,1
1369.0,0,0,0,3500000,1
1200.0,3,2,1,16500000,1
1369.0,4,3,2,60000,0
1369.0,4,3,2,70000,0
3422.5,5,4,4,120000,0
8898.5,0,0,0,10000000,1
5476.0,0,0,0,3500000,1
1369.0,0,0,0,2400000,1
3914.484375,0,0,0,2200000,1
8214.0,0,0,0,275000,1
2652.4375,0,0,0,3000000,1
2053.5,0,0,1,70000,1
342.25,0,0,0,3500000,1
342.25,0,0,0,760000,1
855.625,0,0,0,7000000,1
3935.875,0,0,0,2500000,1
2738.0,0,0,0,6000000,1
1026.75,0,3,1,24500000,1
5818.25,0,0,0,2850000,1
3935.875,0,0,0,2500000,1
8214.0,0,0,0,40000,1
10952.0,0,0,0,2600000,1
1026.75,5,3,1,17000000,0
2909.125,2,1,1,15000,1
1796.8125,0,0,0,2850000,1
16428.0,0,0,0,4000000,1
1822.5,0,0,0,250000,1
4663.15625,0,0,1,15000000,1
2369.25,0,0,0,235000,1
1500.0,4,3,1,40000,0
6160.5,0,0,0,5500000,1
3422.5,6,4,2,200000,0
2481.3125,0,0,0,1150000,1
5903.8125,6,2,2,30000,0
3422.5,3,2,1,40000,1
8556.25,5,4,4,200000,0
49284.0,0,0,0,300000,3
4449.25,0,0,0,4200000,1
1500.0,0,0,0,3500000,1
683.0,2,1,0,11900000,1
1882.375,6,6,1,28500000,0
1197.875,0,0,1,21500000,1
1197.875,2,1,0,20000,1
1369.0,0,0,0,3000000,1
1711.25,3,1,1,12500000,1
1540.125,11,0,1,32500000,0
1369.0,5,3,1,22000000,0
1369.0,3,4,1,11000000,0
1060.975,0,2,1,17000000,1
1454.5625,0,0,0,3000000,1
941.1875,2,1,2,11000000,1
1711.25,0,0,0,900000,1
2738.0,0,0,0,15000000,1
1026.75,4,2,1,13000000,0
1818.203125,28,0,0,42500000,0
4791.5,0,0,0,1300000,1
1625.6875,0,0,0,1800000,1
4107.0,8,5,7,300000,0
2481.3125,0,0,0,10500000,1
27380.0,3,3,2,50000000,0
1369.0,4,2,1,10500000,0
1711.25,6,5,2,30000000,0
1471.675,4,4,1,31500000,0
1090.921875,3,3,1,18000000,0
2738.0,4,5,1,57500000,0
684.5,0,3,1,30000000,1
3764.75,3,3,3,100000,0
1369.0,0,0,0,15500000,1
3251.375,0,0,0,7500000,1
3251.375,0,0,3,60000000,1
1625.6875,0,0,0,1200000,1
1711.25,0,0,0,2700000,1
1240.65625,7,3,2,35000000,0
3080.25,0,0,0,3600000,1
855.625,6,4,2,25000000,0
1197.875,0,0,0,15500000,1
4449.25,0,0,0,9500000,1
3080.25,0,0,0,75000000,1
4449.25,0,0,0,3500000,1
13690.0,0,0,0,7500000,1
3422.5,0,0,0,75000000,1
2738.0,0,0,0,4500000,1
3080.25,0,0,0,3700000,1
2053.5,0,0,3,39500000,1
1600.0,0,2,0,70000,1
375.0,1,1,4,18000,1
3422.5,0,0,0,5000000,1
1369.0,5,6,2,37000000,0
800.0,0,0,0,40000,1
1369.0,0,0,1,25600000,1
1711.25,4,4,1,78000,0
51030.0,0,0,0,1600000,3
2139.0625,5,4,2,36500000,0
6502.75,5,0,0,102500000,0
5467.5,0,0,0,899999,1
1112.3125,5,3,1,22500000,0
1026.75,5,3,2,23500000,0
1090.921875,4,3,1,22500000,0
1369.0,5,4,1,32500000,0
4107.0,5,0,4,42500000,0
1369.0,10,3,0,11000000,0
1711.25,5,3,1,42500000,0
2053.5,5,4,2,35000000,0
1711.25,0,0,0,2200000,1
1711.25,0,0,0,2400000,1
1711.25,0,0,0,2400000,1
1026.75,0,0,0,6000000,1
4449.25,0,0,0,2700000,1
2053.5,0,0,0,2300000,1
1369.0,5,5,1,37000000,0
2053.5,6,6,3,45000000,0
820.125,0,0,0,550000,1
3764.75,2,1,2,39000000,1
1283.4375,5,3,1,17000000,0
3764.75,5,4,2,100000,0
1882.375,3,3,1,75000,0
1026.75,6,3,1,16500000,0
1283.4375,4,4,1,20500000,0
1625.6875,7,6,3,25000000,0
1026.75,0,0,0,12500000,1
1369.0,4,5,1,21000000,0
900.0,0,4,1,60000,1
4278.125,0,0,0,3500000,1
88985.0,0,0,0,600000,3
19936.0625,0,0,0,2000000,1
7529.5,2,1,1,50000,1
5476.0,0,0,6,175000,1
5476.0,6,5,8,160000,5
1369.0,0,0,0,2500000,1
11465.375,0,0,0,6000000,1
1625.6875,6,3,2,18000000,0
1882.375,4,4,1,35200000,0
3422.5,3,2,1,35000,1
2053.5,4,4,1,37100000,0
1711.25,4,5,4,55000000,0
1796.8125,4,4,1,34500000,0
7529.5,0,0,0,1650000,1
2053.5,5,6,3,45000000,0
1060.975,6,5,1,22500000,0
2738.0,3,2,1,30000,1
4009.5,4,2,1,700000,1
6.0,2,2,2,35000,1
6.0,2,2,2,35000,1
1497.34375,0,0,0,700000,1
1026.75,6,5,1,23500000,0
6502.75,6,6,4,102500000,0
1454.5625,4,4,1,28200000,0
620.0,0,1,0,40000,1
17112.5,2,1,2,13000000,1
1369.0,5,5,1,32500000,0
1711.25,11,9,1,26000000,0
1711.25,7,8,1,24000000,0
855.625,3,4,1,17700000,0
4278.125,1,1,2,2200000,1
1026.75,5,5,1,16800000,0
1882.375,6,6,2,34000000,0
4962.625,5,4,2,200000,0
550.0,3,1,4,25000,0
7187.25,2,1,0,17000,1
4107.0,5,6,4,42500000,0
27380.0,6,7,10,790000,5
1711.25,7,3,1,41000000,0
2464.2000000000003,0,0,0,1300000,1
2806.45,3,3,2,15000000,0
2481.3125,8,6,1,37500000,0
1026.75,5,3,1,16000000,0
1711.25,2,1,0,55000,1
10952.0,4,3,2,75000,0
3422.5,22,4,3,500000,0
1822.5,0,0,0,500000,1
1095.2,4,4,2,15000000,0
1369.0,6,4,3,21500000,0
1080.0,0,0,0,450000,1
1026.75,0,0,0,23500000,1
2053.5,5,5,1,60000000,0
2310.1875,0,0,1,4200000,1
3080.25,0,0,1,4200000,1
1860.984375,0,0,0,4500000,1
3080.25,0,0,0,4200000,1
1219.265625,0,0,1,6000000,1
5476.0,0,0,0,8000000,1
650.0,1,0,0,2300000,1
8898.5,0,0,0,4200000,1
2278.125,0,0,0,130000,1
1369.0,0,0,0,750000,1
1026.75,4,4,1,30000000,0
7187.25,6,6,6,81000000,0
4107.0,5,5,6,55000000,0
1026.75,6,2,1,13000000,0
7871.75,4,0,1,273258,1
1026.75,4,3,1,30000000,0
2395.75,0,3,2,225000,1
21356.4,0,0,0,375000,1
1112.3125,5,4,1,17500000,0
1540.125,0,0,0,1450000,1
4107.0,6,5,1,65000000,0
1026.75,3,1,1,9500000,1
2181.84375,6,3,1,9000000,0
4791.5,0,0,0,2900000,1
3080.25,16,10,2,80000000,0
1026.75,3,3,1,20000000,0
25515.0,0,0,0,1600000,1
8214.0,0,0,0,1500000,1
2395.75,0,0,0,11000,1
5476.0,0,0,0,4100000,1
1369.0,7,3,1,31000000,0
1100.0,0,0,0,495000,1
2916.0,0,2,4,900000,1
4107.0,5,4,2,200000,0
1200.0,2,1,1,15000,1
7016.125,0,1,1,20000,1
256.6875,3,3,1,17500000,0
1026.75,5,3,1,19500000,0
500.0,5,0,6,60000,0
200.0,0,0,5,11000,1
2395.75,3,4,2,60000,0
21904.0,0,0,0,3500000,1
2738.0,5,4,1,65000000,0
6845.0,6,6,4,150000000,2
3422.5,0,0,0,3500000,1
32856.0,5,7,20,250000000,5
2738.0,0,0,0,3500000,1
2053.5,6,6,2,37000000,0
1026.75,4,3,1,19000000,0
4107.0,6,5,3,105000000,0
3422.5,0,0,0,4500000,1
2053.5,0,0,0,3400000,1
3764.75,5,5,3,280000,0
2738.0,5,6,3,65000000,0
1000.0,2,2,1,25000,1
1112.3125,5,3,1,19500000,0
10952.0,43,20,0,1800000,4
1369.0,8,5,1,24000000,0
1822.5,2,2,1,13000,1
1711.25,4,4,2,200000,0
2224.625,4,2,1,95000,1
27380.0,0,0,0,600000,1
63787.5,0,0,0,2000000,3
1625.6875,3,4,3,35000000,0
2053.5,17,19,4,250000,4
1026.75,4,3,2,60000,0
1369.0,5,2,1,20000000,0
1369.0,6,4,1,23500000,0
1347.609375,4,4,1,24000000,0
1980.0,0,0,0,700000,1
1833.0,4,3,1,80000,0
2053.5,2,1,0,16000,1
3208.59375,4,4,2,40000000,0
5818.25,1,1,1,18000,1
4113.845,0,0,0,3000000,1
4791.5,2,2,1,25000,1
1754.03125,4,3,2,39999999,0
1711.25,2,2,1,60000,1
2053.5,3,3,2,65000,0
2652.4375,7,3,1,43500000,0
1026.75,1,1,0,10000,1
1026.75,4,2,1,25000,1
1026.75,1,1,0,20000,1
1369.0,4,4,1,100000,0
10952.0,5,4,12,270000,5
4920.0,0,0,0,430000,1
3280.5,0,0,0,2000000,1
38332.0,0,0,0,1100000,3
3422.5,0,0,0,3500000,1
2053.5,2,1,1,20000,1
2738.0,0,0,0,2700000,1
1540.125,4,4,1,150000,0
2200.0,0,0,0,450,1
1711.25,2,2,1,60000,1
855.625,4,3,1,22500000,0
2053.5,0,4,2,45000000,0
4449.25,5,6,4,85000000,0
7187.25,6,6,5,160000000,2
10952.0,0,0,0,7500000,1
3764.75,12,8,4,61000000,0
2053.5,6,6,2,45000000,0
1540.125,5,5,2,49500000,0
1197.875,6,6,1,24000000,0
3422.5,7,7,4,60000000,0
855.625,5,5,1,22500000,0
4107.0,5,5,0,69000000,0
2738.0,0,0,0,68000000,1
6160.5,0,0,0,3700000,1
5818.25,5,6,4,62000000,0
6160.5,0,0,0,3700000,1
4107.0,7,7,4,69000000,0
2053.5,6,7,2,45000000,0
4107.0,6,5,0,65000000,0
2053.5,8,7,4,42000000,0
1197.875,2,1,1,13000000,1
1090.921875,2,1,1,12700000,1
855.625,2,1,1,11000000,1
4738.5,0,0,0,3050000,1
1026.75,2,1,1,12000000,1
2053.5,4,3,1,65000,0
1304.828125,2,1,1,12500000,1
1197.875,8,4,1,19000000,0
983.96875,2,1,1,11500000,1
2700.0,6,3,10,80000,5
1454.5625,2,1,1,16000,1
1180.0,3,2,1,60000,1
1411.78125,2,1,1,15000000,1
1026.75,2,1,1,11000000,1
2053.5,0,0,0,1500000,1
1369.0,4,4,1,50000,0
3080.25,0,5,3,400000,0
10952.0,0,0,0,7500000,1
1369.0,0,0,0,4500000,1
23615.25,0,0,0,4600000,1
1369.0,5,5,1,23000000,0
1882.375,7,4,4,60000000,0
1882.375,5,6,4,60000000,0
1369.0,7,4,1,25500000,0
2395.75,5,4,2,55000000,0
1112.3125,4,5,1,22200000,0
1129.425,5,3,1,24000000,0
2395.75,5,6,2,55000000,0
1283.4375,7,6,1,25500000,0
1711.25,0,0,0,2700000,1
1369.0,6,3,1,27500000,0
3422.5,5,4,2,63000000,0
3422.5,0,0,0,3500000,1
5818.25,5,5,0,60000000,0
2053.5,6,4,2,34500000,0
1779.7,3,3,2,39500000,0
3080.25,0,3,3,38000000,0
1796.8125,4,1,0,12000000,1
342.25,0,2,0,8700000,1
1026.75,2,1,1,12500000,1
1026.75,2,1,1,130000,1
1711.25,0,0,0,60000,1
1283.4375,4,4,1,23500000,0
3422.5,4,3,1,60000,0
1197.875,6,4,0,27000000,0
1340.0,4,2,1,15200000,0
1129.425,0,0,0,2650000,1
1026.75,5,5,1,235000000,2
1369.0,7,6,1,27600000,0
7529.5,5,4,10,70000000,5
1540.125,4,4,2,50000000,0
1026.75,4,3,1,22500000,0
1026.75,0,3,1,23500000,1
1026.75,5,5,1,240,0
7529.5,6,7,10,70000000,5
1540.125,5,5,2,500000000,2
7187.25,10,10,5,160000000,2
2053.5,6,6,0,42500000,0
1060.975,5,5,1,18000000,0
1369.0,6,6,2,27500000,0
1711.25,5,3,1,33000000,0
6845.0,5,6,4,145000000,2
7358.375,5,4,9,3700000,5
1369.0,4,5,1,21000000,0
1647.078125,5,4,1,28500000,0
1711.25,4,2,0,17500000,1
1369.0,4,2,1,15500000,0
1369.0,4,2,1,15500000,0
3422.5,0,0,0,3200000,1
10952.0,18,5,0,250000,0
1026.75,0,0,0,3000000,1
1882.375,0,0,0,2300000,1
1400.0,0,0,0,2000000,1
60236.0,0,0,0,400000,3
2909.125,7,6,3,42000000,0
1369.0,18,4,0,300000,0
5476.0,0,0,0,2500000,1
1711.25,0,0,0,4000000,1
790.0,2,1,1,30000,1
1112.3125,4,3,2,19000000,0
1048.140625,3,2,1,21000000,0
1259.0,3,2,0,50000,1
3422.5,0,0,0,200000,1
3422.5,0,0,0,110,1
1369.0,3,4,1,100000,0
6845.0,0,0,0,160,1
2738.0,0,0,0,350000,1
1454.5625,0,0,0,3000000,1
2738.0,4,3,2,200000,0
1779.7,0,0,0,3000000,1
1026.75,0,0,2,150000,1
21904.0,0,0,0,1200000,1
15387.56,0,0,0,250000,1
1026.75,12,0,2,120000,0
2053.5,12,0,3,130000,0
1369.0,8,3,2,150000,0
1369.0,0,0,0,2500000,1
2053.5,4,4,1,150000,0
4791.5,7,8,4,85000000,0
3422.5,0,0,0,13000000,1
1369.0,0,0,0,1050000,1
1369.0,13,0,0,80000,0
2053.5,17,17,0,370000,4
1369.0,0,0,0,2600000,1
2395.75,4,4,2,150000,0
1197.875,8,3,2,17000000,0
1026.75,3,3,1,18500000,0
2395.75,0,0,0,3200000,1
1026.75,4,5,1,17000000,0
65712.0,0,0,0,2500000,3
1369.0,8,6,1,32500000,0
1369.0,5,5,2,29800000,0
1882.375,5,5,1,33500000,0
1711.25,7,6,2,29900000,0
1813.925,6,6,2,49000000,0
1026.75,5,3,1,29900000,0
1026.75,6,6,1,21000000,0
6502.75,6,6,5,100000000,0
2053.5,5,5,1,45000000,0
6502.75,0,0,0,3500000,1
1369.0,6,6,1,33500000,0
1369.0,5,5,1,28500000,0
3764.75,5,5,3,50000000,0
1711.25,5,5,2,35000000,0
2909.125,5,5,2,49000000,0
2395.75,5,5,3,39000000,0
10952.0,0,0,0,6500000,1
1369.0,6,6,1,29000000,0
1711.25,5,5,1,44500000,0
1711.25,0,0,0,5500000,1
2738.0,0,0,0,3700000,1
1403.225,5,5,1,29800000,0
5476.0,0,0,0,5700000,1
1825.3333333333333,0,0,0,1250000,1
1176.484375,0,0,0,2000000,1
1800.0,3,2,1,45000000,0
27380.0,0,0,0,1800000,1
2053.5,0,0,0,2000000,1
10935.0,0,0,0,220000,1
72900.0,0,0,0,200000,3
700.0,2,1,0,15000,1
1369.0,6,5,3,38700000,0
1369.0,6,5,3,39000000,0
1129.425,0,0,0,1200000,1
1625.6875,4,2,1,15000000,0
4962.625,9,6,31,155000000,5
1967.9375,4,3,4,32500000,0
6845.0,4,2,3,90000000,0
1026.75,2,1,1,15000,1
3422.5,5,3,1,150000,0
2053.5,0,0,0,4500000,1
1369.0,6,5,1,21000000,0
1112.3125,5,3,1,21500000,0
1197.875,6,3,1,22500000,0
2395.75,4,4,2,35000000,0
4791.5,5,4,2,60000000,0
3764.75,0,4,0,75000000,0
1711.25,4,3,1,36500000,0
1711.25,4,3,1,37500000,0
3080.25,0,0,0,3800000,1
5476.0,0,0,0,5700000,1
1060.975,4,3,1,25000000,0
2053.5,0,0,0,3500000,1
1369.0,4,3,1,24000000,0
1625.6875,4,3,1,35500000,0
5476.0,4,4,0,110000000,2
1711.25,4,3,2,55000000,0
1882.375,4,4,2,35500000,0
1369.0,4,3,1,29500000,0
2806.45,0,4,3,49500000,0
5920.925,0,4,0,95000000,0
1540.125,4,3,2,28000000,0
2395.75,4,4,3,45000000,0
7187.25,0,4,0,80000000,0
1711.25,4,4,2,35000000,0
4107.0,4,4,4,57500000,0
17797.0,4,4,0,300000000,2
3080.25,4,4,3,55000000,0
3080.25,4,4,4,67500000,0
2738.0,4,3,3,55000000,0
1711.25,6,3,2,35000000,0
2053.5,5,4,2,36000000,0
1369.0,4,3,2,26000000,0
3080.25,5,4,3,47500000,0
1095.2,5,5,1,18200000,0
3422.5,13,5,1,200000,0
1369.0,6,5,1,26000000,0
2395.75,5,5,2,39000000,0
1745.475,0,0,0,2300000,1
2738.0,4,4,1,120000,0
1882.375,5,5,2,33500000,0
2395.75,5,6,2,39900000,0
1259.0,3,2,1,18000000,1
1369.0,8,7,1,32500000,0
1711.25,5,5,2,29000000,0
1369.0,0,0,0,2600000,1
2053.5,5,5,1,36000000,0
3080.25,4,5,3,47500000,0
1369.0,0,0,0,28000000,1
9583.0,0,0,0,4000000,1
855.625,5,3,1,15000000,0
1197.875,6,3,2,20000000,0
1197.875,6,5,1,23000000,0
1197.875,5,2,1,18500000,0
1369.0,6,5,1,24500000,0
1369.0,6,6,1,23800000,0
2224.625,6,6,2,39000000,0
1540.125,5,5,1,31000000,0
1369.0,6,5,1,29000000,0
1197.875,6,5,1,25000000,0
2738.0,5,5,2,56000000,0
3080.25,5,5,3,67500000,0
3764.75,0,0,0,4000000,1
2053.5,0,0,0,3500000,1
1283.4375,6,6,1,37500000,0
7529.5,6,6,4,350000,0
2738.0,0,0,0,4200000,1
1625.6875,6,5,1,35000000,0
1197.875,5,3,2,22000000,0
1197.875,5,3,2,19500000,0
1197.875,5,3,2,17000000,0
1069.53125,6,4,1,17500000,0
4107.0,0,0,0,4500000,1
1069.53125,5,3,1,17500000,0
1411.78125,4,3,0,10000000,0
1112.3125,0,0,0,22000000,1
1711.25,2,1,1,25000,1
2053.5,11,3,1,22000000,0
1197.875,4,3,1,19000000,0
16770.25,0,0,2,1950000,1
1219.265625,0,0,0,120000000,2
7358.375,0,0,0,5750000,1
1818.203125,0,0,0,1600000,1
941.1875,5,2,1,22000000,0
1540.125,0,0,0,2500000,1
1304.828125,0,0,0,3000000,1
1060.975,5,4,1,17500000,0
5476.0,0,0,0,400000,1
1069.53125,4,3,1,18000000,0
2053.5,5,4,1,34000000,0
1369.0,5,0,1,26300000,1
23615.25,6,0,1,37000000,1
49835.02250000001,4,3,1,21000000,3
1155.09375,4,3,1,17000000,0
684.5,0,0,0,700000,1
1133.703125,0,0,0,2400000,1
1026.75,8,3,1,17000000,0
1283.4375,0,0,0,2800000,1
1026.75,4,3,1,16000000,0
2000.0,3,3,1,150000,0
1283.4375,10,3,1,22000000,0
2181.84375,0,0,0,65000,1
1369.0,2,1,1,11500000,1
1711.25,0,0,0,2100000,1
1197.875,4,4,2,19700000,0
1369.0,6,5,1,29000000,0
2909.125,6,6,3,45000000,0
2395.75,4,5,3,36000000,0
1882.375,5,5,2,35500000,0
1048.140625,0,0,0,6100000,1
65610.0,0,0,0,600000,3
941.1875,3,3,0,24100000,0
1026.75,4,2,1,15500000,0
2566.875,5,5,3,40000000,0
1026.75,3,2,1,20000000,0
1060.975,5,3,1,18000000,0
2224.625,18,16,1,35000000,4
1026.75,0,0,0,17000000,1
4791.5,0,15,20,100,5
1197.875,4,3,0,26000000,0
1882.375,0,0,0,4500000,1
3645.0,4,1,0,3650000,1
1197.875,0,0,0,3100000,1
1197.875,5,6,1,25500000,0
9240.75,0,0,0,350000,1
4107.0,5,5,4,68000000,0
1197.875,6,5,1,21500000,0
1026.75,6,0,5,18200000,0
7187.25,4,4,4,80000000,0
1060.975,6,5,1,19900000,0
5818.25,5,5,0,72000000,0
2053.5,5,5,0,60000000,0
4107.0,6,5,6,57500000,0
4791.5,5,5,4,66000000,0
1369.0,7,5,1,29900000,0
1369.0,7,7,1,29900000,0
1711.25,4,4,1,33500000,0
1625.6875,5,4,1,37500000,0
1283.4375,0,0,0,2300000,1
1369.0,0,0,0,2250000,1
1796.8125,3,2,3,23000000,0
1060.975,5,3,1,20600000,0
1369.0,5,3,1,26000000,0
2738.0,5,5,3,65000000,0
2395.75,4,5,3,45000000,0
1540.125,0,0,0,3500000,1
1642.8,0,0,0,1350000,1
19850.5,0,0,0,600000,1
1369.0,8,3,1,28500000,0
1369.0,4,3,1,35000,0
1711.25,0,0,1,40000000,1
2738.0,11,8,5,400000,0
17797.0,0,0,1,19000000,1
2738.0,2,1,5,70000,0
11978.75,2,1,1,11000000,1
1048.140625,4,5,1,19200000,0
1882.375,5,5,2,36000000,0
1369.0,4,4,1,20500000,0
1640.25,0,0,0,900000,1
1044.0,2,2,1,45000,1
1882.375,3,4,2,150000,0
1060.975,4,4,1,18000000,0
4449.25,5,5,4,72000000,0
1369.0,6,5,1,23000000,0
1060.975,6,4,1,19900000,0
1369.0,7,8,2,40000000,0
1197.875,5,5,1,21500000,0
1369.0,6,3,2,34500000,0
5476.0,4,4,4,70000000,0
2121.9500000000003,0,0,0,55000000,1
5133.75,5,5,4,65000000,0
2738.0,7,7,3,62000000,0
3422.5,0,2,2,5800000,1
1882.375,3,4,2,150000,0
912.6666666666666,4,3,2,35000,0
1540.125,0,0,0,25500000,1
855.625,0,0,1,13500000,1
1967.9375,0,0,0,28000000,1
1026.75,0,0,2,20000000,1
4791.5,4,4,2,67500000,0
1882.375,4,4,2,32500000,0
2395.75,4,4,2,35000000,0
1437.45,4,4,1,31000000,0
1129.425,4,4,1,32500000,0
1060.975,4,4,1,20000000,0
1540.125,2,3,4,35000000,0
1369.0,4,3,1,32500000,0
1711.25,10,0,0,22000000,0
2053.5,4,4,2,35000000,0
1369.0,0,0,1,26000000,1
1369.0,0,0,1,26500000,1
1197.875,0,0,0,11500000,1
1745.475,0,0,0,60000000,1
1711.25,7,6,1,37000000,0
18139.25,4,2,1,13200000,0
2738.0,0,0,0,1200000,1
1458.0,0,0,0,16000000,1
1026.75,0,0,0,900000,1
2187.0,0,0,0,200000,1
2053.5,16,3,0,27000000,0
7290.0,0,0,0,50000000,1
1283.4375,0,0,0,1800000,1
1711.25,0,0,0,3700000,1
1882.375,0,2,0,15000000,1
36450.0,0,0,0,2500000,3
1026.75,2,1,0,6500000,1
1540.125,7,0,2,27500000,0
1026.75,6,4,2,18000000,0
1112.3125,8,4,1,32000000,0
5.0,0,0,0,3000000,1
1925.15625,4,4,3,38500000,0
1369.0,4,4,1,35000000,0
1788.0,3,3,2,235000,0
1026.75,0,0,0,18200000,1
855.625,4,3,1,13500000,0
3280.5,0,0,0,600000,1
900.0,2,1,0,18000,1
1640.25,3,1,1,8000000,1
1197.875,3,3,0,60000,1
1296.0,0,0,0,2500000,1
1093.5,2,1,2,7500000,1
2310.1875,0,0,0,5700000,1
1026.75,0,0,0,2000000,1
855.625,0,0,0,50000,1
2738.0,0,0,0,1150000,1
2395.75,6,5,5,32500000,0
4107.0,0,0,0,85000,1
2566.875,0,0,0,1050000,1
1133.703125,0,3,1,18000000,1
5240.703125,0,0,0,3000000,1
3593.625,0,0,0,20000000,1
1026.75,0,0,0,14500000,1
1711.25,0,0,0,1900000,1
1800.0,0,0,0,11000000,1
2738.0,0,0,0,45000000,1
3080.25,0,0,0,49500000,1
3422.5,3,3,4,70000000,0
3251.375,4,3,4,70000000,0
3080.25,0,0,0,4300000,1
1369.0,3,5,1,25000000,0
1369.0,16,4,1,16000000,0
941.1875,3,9,0,13500000,0
1048.140625,2,1,0,12000000,1
2224.625,0,0,0,2700000,1
1711.25,6,3,2,27800000,0
2224.625,3,3,2,36000000,0
27380.0,0,0,0,3800000,1
1711.25,5,0,2,180000,1
4620.375,8,9,4,100000000,0
3165.8125,6,3,4,60000000,0
1668.46875,0,0,0,4000000,1
5133.75,5,5,3,65000000,0
3422.5,6,6,3,56000000,0
2772.225,6,5,3,44500000,0
5818.25,5,5,3,85000000,0
2738.0,0,0,0,38000000,1
2395.75,0,0,0,2000000,1
1369.0,0,0,0,1375000,1
1369.0,0,0,0,1450000,1
1069.53125,8,0,0,19000000,0
2224.625,6,3,3,50000,0
2224.625,0,0,0,1700000,1
855.625,3,1,0,7500000,1
2738.0,5,4,2,47500000,0
1369.0,3,3,1,25000000,0
1326.21875,7,2,0,22500000,0
2053.5,5,4,2,35000000,0
400.0,0,0,0,1300000,1
2395.75,7,4,1,50000000,0
1882.375,0,0,0,4000000,1
1026.75,7,5,1,25000000,0
1048.140625,0,0,0,16500000,1
2395.75,5,4,2,46000000,0
2566.875,5,4,0,30000000,0
1647.078125,0,0,0,1700000,1
1882.375,0,0,0,3300000,1
1822.5,0,0,0,330000,1
1369.0,0,0,0,7000000,1
1711.25,2,4,3,28000000,0
1454.5625,0,0,0,35000000,1
1540.125,0,0,0,49000000,1
1642.8,0,0,0,4000000,1
2053.5,2,1,2,20000,1
4738.5,0,0,0,350000,1
1197.875,5,5,1,21500000,0
2738.0,0,0,0,3900000,1
1369.0,0,0,0,6700000,1
1711.25,7,5,1,25500000,0
2738.0,0,0,0,4200000,1
1048.140625,8,0,0,16500000,0
1454.5625,11,0,0,22000000,0
1369.0,0,0,0,10500000,1
3251.375,0,0,0,2200000,1
10.0,0,0,0,5000000,1
1454.5625,0,0,0,1250000,1
4107.0,5,7,3,70000000,0
1822.5,0,0,0,1250000,1
1967.9375,5,6,5,39500000,0
54760.0,0,0,0,1450000,3
27722.25,2,1,0,18000000,1
2310.1875,0,0,0,4300000,1
1026.75,3,4,1,22000000,0
5476.0,0,0,0,30000,1
2053.5,0,6,1,110000,0
683.0,2,1,1,40000,1
3080.25,0,0,0,5500000,1
2224.625,5,6,5,62500000,0
2395.75,0,0,0,8500000,1
11123.125,0,0,0,32500000,1
2053.5,18,6,6,47000000,0
1800.0,0,0,0,175000,1
2690.975,0,0,0,500000,1
5476.0,0,0,0,11000000,1
1026.75,0,4,4,22500000,0
8898.5,0,0,0,11000000,1
10609.75,0,0,0,13000000,1
2738.0,6,6,2,45000000,0
8898.5,6,7,10,130000000,5
3080.25,0,0,0,15000000,1
3165.8125,0,0,0,7500000,1
2224.625,0,0,0,4000000,1
4149.78125,4,5,2,120000000,2
1371.0,2,2,1,100000,1
855.625,3,3,1,45000,0
2200.0,0,0,0,350000,1
1711.25,6,5,1,22000000,0
1369.0,3,2,3,17000000,0
16428.0,24,0,15,550000,5
1369.0,10,8,2,30000000,0
1026.75,0,0,0,7000000,1
1390.390625,4,4,2,19000000,0
2004.75,0,4,0,18000000,1
8201.25,0,0,0,1550000,1
919.796875,1,1,1,12000000,1
855.625,23,10,0,122500000,4
2100.0,4,4,0,55000,0
1197.875,0,0,0,1500000,1
1369.0,0,0,0,1300000,1
3525.175,0,0,0,815000,1
2053.5,0,0,0,1350000,1
1967.9375,6,2,0,80000,0
1369.0,0,0,0,20000000,1
1026.75,8,3,0,17000000,0
1026.75,0,0,0,17000000,1
855.625,4,0,0,8500000,1
1711.25,0,0,0,1100000,1
1026.75,8,0,0,15500000,1
2395.75,0,0,0,2600000,1
16492.171875,0,0,0,60000000,1
4449.25,0,3,1,24000,1
2916.0,0,0,0,230000,1
13347.75,0,0,0,1200000,1
1711.25,0,0,0,5600000,1
1369.0,5,6,1,44000000,0
6845.0,6,6,10,100000000,5
6160.5,5,7,0,96000000,0
1540.125,6,6,2,28500000,0
1369.0,0,0,0,22500000,1
2772.225,17,10,2,41000000,0
1711.25,11,0,2,30000000,0
1711.25,0,0,0,2500000,1
1850.0,0,0,0,1200000,1
2100.0,3,4,2,170000,0
2224.625,5,6,3,65000000,0
2738.0,4,2,4,95000,0
16428.0,0,0,0,2300000,1
900.0,2,1,0,12000,1
6160.5,4,4,4,115000000,2
1711.25,0,0,0,4000000,1
1369.0,0,0,0,1400000,1
47385.0,0,0,0,2500000,3
1369.0,0,0,0,3500000,1
5476.0,0,0,0,1000000,1
1711.25,0,0,0,2300000,1
2738.0,0,0,1,230000,1
1369.0,0,0,0,2100000,1
2224.625,6,4,8,35000000,5
7871.75,7,4,3,140000000,2
1026.75,0,0,0,7500000,1
941.1875,0,0,0,9500000,1
1112.3125,0,0,0,20000000,1
1026.75,0,0,0,18000000,1
1721.25,0,0,0,12000000,1
2400.0,0,4,0,160000,1
2395.75,0,0,0,35000000,1
2200.0,0,0,0,25000,1
85562.5,0,0,0,150000,3
2738.0,0,0,0,15000,1
2053.5,1,1,2,25000,1
1026.75,0,2,1,35000,1
1540.125,0,0,0,5500000,1
962.578125,2,2,1,17600000,1
1197.875,0,0,0,18500000,1
1882.375,0,0,0,25000000,1
1711.25,5,4,1,33000000,0
1417.5,0,0,0,8000000,1
2053.5,2,2,1,22000,1
1026.75,9,4,3,22500000,0
1369.0,6,3,3,27500000,0
1369.0,6,3,1,23800000,0
1197.875,8,0,0,18500000,0
2139.0625,12,0,0,33000000,0
1369.0,10,0,0,23000000,0
1026.75,7,0,0,15500000,1
898.40625,0,0,0,8500000,1
2053.5,0,0,0,2000000,1
3294.15625,0,0,0,2225000,1
941.1875,0,0,0,19000000,1
1882.375,0,0,0,29800000,1
1711.25,0,0,0,3500000,1
1369.0,3,3,2,17000,0
615.0,0,0,0,200000,1
2139.0625,13,0,0,26200000,0
1026.75,0,0,0,4600000,1
1711.25,0,0,0,1000000,1
1369.0,4,4,1,26500000,0
10952.0,5,4,4,200000,0
2759.390625,0,0,0,8500000,1
1400.0,0,2,0,40000,1
10935.0,0,0,0,5500000,1
2823.5625,5,4,2,41000000,0
19166.0,0,0,0,550000,1
2200.0,0,0,0,175000,1
2395.75,11,0,0,42000000,0
162.0,0,0,0,20000000,1
1711.25,0,0,0,2800000,1
10267.5,0,0,0,1800000,1
3422.5,0,0,0,1300000,1
1112.3125,0,0,0,21500000,1
1283.4375,0,0,0,2500000,1
1540.125,6,4,2,25500000,0
1026.75,0,0,0,15000000,1
1369.0,5,5,2,32000000,0
1093.5,0,0,0,5000000,1
1369.0,0,0,0,2900000,1
1112.3125,0,0,0,2700000,1
1454.5625,6,3,2,32000000,0
900.0,0,0,0,15000,1
1090.921875,0,0,0,11500000,1
1283.4375,0,0,0,1500000,1
1604.296875,0,0,0,1200000,1
10952.0,16,20,1,125000000,4
1369.0,0,0,0,5400000,1
855.625,8,0,0,14000000,1
3000.0,0,0,0,250000,1
1093.5,2,1,0,5000000,1
3080.25,0,0,0,49500000,1
4449.25,0,0,0,1700000,1
1604.296875,0,0,0,1100000,1
1369.0,0,0,0,10000000,1
3645.0,0,0,0,100000,1
5476.0,0,0,0,8500000,1
10.0,0,0,0,25000000,1
1711.25,0,0,0,9500000,1
3080.25,5,5,4,80000000,0
1026.75,5,2,1,17000000,0
900.0,2,1,0,18000,1
800.0,0,0,0,40000,1
700.0,1,1,0,15000,1
1026.75,2,2,1,10000000,1
1197.875,9,5,3,30000000,0
2738.0,0,0,0,4500000,1
1540.125,0,0,0,1200000,1
3422.5,0,0,0,1300000,1
1369.0,0,0,0,1700000,1
1197.875,0,3,2,22500000,0
2738.0,0,0,0,5500000,1
3764.75,0,0,0,7000000,1
4107.0,0,0,0,5500000,1
1711.25,11,0,0,22000000,0
8520.0,0,0,0,37000000,1
2310.1875,0,0,0,36000000,1
855.625,7,0,0,13200000,1
1454.5625,18,0,0,29000000,0
2200.0,5,4,0,80000,0
1711.25,0,0,0,20500000,1
1197.875,3,4,1,27000000,0
2053.5,0,0,0,8000000,1
1454.5625,0,0,0,12000000,1
1197.875,5,3,0,19500000,0
1300.0,3,1,0,15000,1
1000.0,0,0,0,25000,1
1454.5625,0,0,0,19500000,1
1369.0,0,0,0,3700000,1
3422.5,0,0,0,1350000,1
1369.0,0,0,0,3700000,1
1369.0,0,0,0,1500000,1
1732.640625,0,0,0,1600000,1
16428.0,0,0,0,4000000,1
5476.0,0,0,0,5000000,1
1369.0,11,5,0,26500000,0
1369.0,11,0,0,25500000,0
2374.359375,5,2,1,29500000,0
1403.225,0,3,2,23500000,0
855.625,4,3,0,15000000,0
1090.921875,4,3,0,19000000,0
855.625,4,3,0,15000000,0
200.0,0,0,0,1700000,1
1283.4375,4,3,0,23500000,0
1026.75,5,4,0,18000000,0
1112.3125,3,3,2,18500000,0
1640.25,0,0,0,15000000,1
1540.125,7,3,0,24500000,0
1540.125,0,0,3,33000000,1
2053.5,0,0,0,6500000,1
4107.0,0,0,0,6500000,1
4107.0,0,0,0,6500000,1
5476.0,0,0,0,5500000,1
3827.25,0,0,0,19000000,1
1026.75,2,1,1,4800000,1
400.0,0,0,0,900000,1
2395.75,0,0,0,21500000,1
1796.8125,0,0,0,26000000,1
1224.0,13,0,0,26000000,0
72899.25,0,0,0,1300000,3
1112.3125,0,0,0,2300000,1
3422.5,4,1,3,20000000,0
1262.046875,4,4,1,19500000,0
4791.5,5,5,0,51000000,0
1369.0,4,4,1,26500000,0
1369.0,5,3,4,29500000,0
1668.46875,0,0,0,1550000,1
2551.5,0,0,0,200000,1
7187.25,0,0,0,15000000,1
1822.5,0,0,0,650000,1
1026.75,0,0,0,1600000,1
1369.0,0,0,0,1600000,1
1026.75,2,3,1,15000000,0
1026.75,3,4,1,40000000,0
3764.75,6,2,1,17500000,0
6845.0,6,6,4,90000000,0
11636.5,4,3,0,13500000,0
900.0,0,0,0,2000000,1
11978.75,0,0,0,15000000,1
200.0,0,0,0,1500000,1
700.0,0,0,0,1500000,1
300.0,0,0,0,1800000,1
1026.75,3,1,0,11000000,1
1369.0,0,0,0,1400000,1
3080.25,5,5,0,70000000,0
300.0,0,0,0,1400000,1
1800.0,0,0,0,4500000,1
1197.875,5,5,1,17900000,0
2395.75,5,5,2,34500000,0
1026.75,0,0,0,27000,1
2395.75,7,6,3,41000000,0
513.375,7,4,0,18500000,0
1700.0,0,0,0,1900000,1
1369.0,0,0,0,1500000,1
941.1875,0,0,1,50000,1
10952.0,5,6,10,105000000,5
1026.75,0,0,0,3000000,1
2053.5,9,10,2,36500000,0
1026.75,0,0,0,15000000,1
1197.875,5,4,2,21000000,0
2738.0,0,0,0,38000000,1
500.0,0,0,0,600000,1
855.625,0,0,0,11000000,1
900.0,4,0,0,22000,1
1454.5625,2,1,0,7500000,1
1095.2,7,3,0,17500000,0
1369.0,0,0,0,1350000,1
5760.0,0,0,0,9000000,1
1625.6875,0,0,0,1700000,1
2736.0,0,0,0,1400000,1
1369.0,0,0,0,5000000,1
1026.75,0,0,0,5200000,1
900.0,0,0,0,20000,1
20535.0,0,0,0,1800000,1
3080.25,0,0,0,27000000,1
1347.609375,2,1,0,13000000,1
1197.875,0,0,0,13000000,1
2925.0,0,0,0,48000000,1
10267.5,0,0,0,250000,1
900.0,2,1,0,30000,1
3165.8125,0,0,0,1050000,1
1369.0,7,3,0,8000000,0
1454.5625,4,3,1,48000,0
871.8,0,0,0,30000,1
1060.975,5,6,1,17800000,0
2738.0,0,0,0,4000000,1
1197.875,5,6,1,21800000,0
1283.4375,0,0,0,29000000,1
2566.875,0,0,0,6000000,1
7836.75,24,22,3,4500000,4
1026.75,0,0,0,3500000,1
2310.1875,0,0,0,2400000,1
1060.975,4,3,0,23000000,0
1369.0,5,0,0,29000000,1
22588.5,0,0,0,1000000,1
5476.0,3,4,4,70000000,0
700.0,0,0,0,13000,1
1540.125,0,0,0,37500000,1
3992.9166666666665,0,0,0,4500000,1
1454.5625,0,0,0,11500000,1
941.1875,6,0,0,12500000,1
1369.0,0,0,0,2900000,1
2004.75,0,0,0,350000,1
2224.625,6,0,4,42500000,0
21904.0,0,0,0,200000,1
3422.5,0,0,0,4200000,1
1711.25,0,0,0,2400000,1
4107.0,0,0,0,2300000,1
1711.25,0,0,0,1200000,1
598.9375,0,0,0,25000000,1
1369.0,0,0,0,22000000,1
1369.0,5,4,2,30000000,0
1026.75,0,0,0,17500000,1
2738.0,0,0,0,130000,1
855.625,0,0,0,15000000,1
1540.125,0,0,0,3700000,1
1711.25,0,0,5,76000000,0
1283.4375,0,0,0,1450000,1
700.0,2,1,1,12000000,1
2224.625,7,5,3,37000000,0
5476.0,0,0,0,800000,1
1026.75,0,0,0,4000000,1
1369.0,5,4,0,26000000,0
1026.75,0,0,0,1400000,1
1540.125,0,0,0,2200000,1
1711.25,11,0,0,29800000,0
1197.875,0,0,0,1800000,1
9240.75,0,0,0,350000,1
1000.0,0,0,0,1700000,1
1000.0,0,0,0,800000,1
1000.0,0,0,0,1900000,1
1604.296875,6,4,1,25000000,0
2053.5,0,0,0,32000000,1
1822.5,0,0,0,10000000,1
342.25,0,0,0,15000000,1
2566.875,0,0,0,9500000,1
1967.9375,0,0,0,3500000,1
700.0,2,1,0,15000,1
1283.4375,0,0,0,1650000,1
1026.75,0,0,0,11000000,1
1000.0,0,0,0,16000,1
700.0,0,0,0,25000,1
1403.225,6,3,2,17000000,0
900.0,3,2,0,17000,1
1946.546875,0,0,2,35000000,1
1369.0,4,4,2,30000000,0
1860.984375,0,0,0,22000000,1
1283.4375,0,0,0,24000000,1
342.25,0,0,0,4000000,1
2224.625,0,0,0,2750000,1
1540.125,0,0,0,1900000,1
911.25,0,0,0,8500000,1
911.25,0,0,0,8000000,1
1369.0,0,0,0,2500000,1
8898.5,6,3,6,200000,0
2738.0,0,0,0,6000000,1
2738.0,0,0,0,1200000,1
1219.265625,0,0,0,21000000,1
6160.5,0,0,0,1500000,1
1240.65625,0,0,0,22500000,1
10952.0,0,0,0,115000000,2
1369.0,0,0,0,28000000,1
1711.25,0,0,0,10000000,1
2738.0,0,0,0,25000000,1
2032.109375,0,0,0,3500000,1
1369.0,6,6,1,24000000,0
1369.0,6,6,1,24000000,0
1026.75,5,3,3,21000000,0
3764.75,0,0,0,5500000,1
1711.25,0,0,0,5000000,1
2823.5625,0,0,0,2000000,1
1369.0,0,0,0,2500000,1
1026.75,0,0,0,12500000,1
600.0,3,0,0,19500,1
1711.25,0,0,0,1000000,1
1369.0,5,3,0,27500000,0
1369.0,0,0,0,24000000,1
1197.875,0,0,0,2000000,1
1369.0,11,3,0,24000000,0
1369.0,0,0,0,1900000,1
11294.25,0,0,0,11500000,1
1129.425,7,4,0,24500000,0
1369.0,0,0,0,100000,1
1800.0,0,0,0,600000,1
5476.0,0,0,0,250000,1
1540.125,3,5,1,28500000,0
6160.5,0,0,0,1050000,1
2738.0,0,0,0,4200000,1
3422.5,4,6,4,62000000,0
2053.5,6,6,2,42500000,0
1369.0,5,5,1,24500000,0
2738.0,6,6,2,45000000,0
2224.625,0,0,3,33000000,1
3721.96875,0,0,0,80000000,1
1369.0,0,0,0,46500000,1
1369.0,5,0,0,34000000,1
400.0,0,0,0,800000,1
1711.25,0,0,0,2200000,1
1369.0,0,0,0,6500000,1
4701.0,0,0,0,5800000,1
2700.0,4,3,1,21500000,0
1026.75,5,3,0,15900000,0
1481.0,3,2,1,60000,1
2053.5,3,3,0,110000,1
4908.015483,0,0,0,350000,1
1796.8125,0,0,0,1650000,1
1112.3125,0,0,0,23500000,1
855.625,0,0,0,1000000,1
1369.0,0,0,0,42000000,1
1796.8125,0,0,0,14000000,1
1000.0,0,0,0,6500000,1
700.0,0,0,0,1800000,1
1000.0,0,0,0,2000000,1
500.0,0,0,0,2000000,1
3000.0,0,0,0,9000000,1
500.0,0,0,0,900000,1
400.0,0,0,0,550000,1
1711.25,0,0,0,2000000,1
1112.3125,2,1,0,8500000,1
3645.0,0,0,0,330000,1
1112.3125,0,0,0,3500000,1
2025.0,0,0,0,175000,1
1176.484375,0,0,0,4100000,1
1822.5,3,3,3,13500000,0
5818.25,10,10,0,150000000,2
1112.3125,0,0,0,12500000,1
1711.25,0,0,0,2700000,1
1967.9375,0,0,0,675000,1
2738.0,0,0,0,46000000,1
1796.8125,0,0,2,33000000,1
7187.25,0,0,0,3200000,1
1369.0,0,0,0,1900000,1
1095.2,6,3,1,19000000,0
15000.0,4,3,1,175000,0
1369.0,0,0,0,15,1
1711.25,4,4,2,30500000,0
2224.625,0,0,0,1250000,1
1640.25,4,3,1,15000000,0
1026.75,6,3,2,21000000,0
3764.75,0,0,0,6000000,1
1197.875,6,3,1,22500000,0
1822.5,11,6,3,23000000,0
1822.5,0,0,0,300000,1
2053.5,0,0,0,3200000,1
3080.25,0,0,0,2200000,1
2738.0,10,5,5,55000000,0
3764.75,0,0,0,2550000,1
2053.5,5,4,0,40000000,0
4791.5,0,0,0,2600000,1
1026.75,0,0,0,2350000,1
1026.75,2,1,1,10600000,1
1026.75,0,0,0,35000,1
4791.5,0,0,0,38000,1
1561.515625,0,0,0,1850000,1
21870.0,0,0,0,2000000,1
1900.0,4,5,1,19000000,0
4.0,0,0,0,1500000,1
8214.0,0,0,0,2200000,1
8.0,0,0,2,55000000,1
4791.5,0,0,0,20000000,1
6160.5,0,0,0,2250000,1
1989.328125,0,0,0,2600000,1
5818.25,0,0,0,150000000,2
3645.0,0,0,0,490000,1
1625.6875,0,0,0,1450000,1
75000.0,0,0,1,100,3
1711.25,5,2,0,39000000,0
3422.5,4,4,3,39000000,0
3764.75,0,0,0,4700000,1
1200.0,3,3,0,110000,1
1369.0,0,0,0,2800000,1
2181.84375,0,0,0,26000000,1
4791.5,0,0,0,725000,1
1200.0,2,2,0,180000,1
3080.0,6,4,2,125000,0
2395.75,0,0,0,33000000,1
1989.328125,0,0,0,2100000,1
2738.0,0,0,0,170000,1
2738.0,7,5,5,160000,0
1369.0,0,0,0,24500000,1
6160.5,0,0,0,61500000,1
3422.5,4,5,0,70000000,0
2738.0,0,0,0,1000000,1
5989.375,9,4,0,70000000,0
1026.75,7,3,0,9000000,0
8.0,9,3,0,130000,0
2053.5,0,0,0,1200000,1
1369.0,0,0,0,1950000,1
850.0,2,1,1,30000,1
2845.0,5,4,5,35000000,0
1369.0,0,0,0,2200000,1
5476.0,6,3,8,300000,5
1026.75,0,0,0,2500000,1
1369.0,6,0,1,25000000,1
1026.75,0,0,1,16000000,1
6845.0,1,1,0,16000,1
1095.2,2,1,1,10500000,1
1026.75,3,3,0,12500000,0
500.0,3,0,0,22000,1
11636.5,0,2,0,13500000,1
2738.0,0,0,0,1250000,1
7187.25,0,0,0,3000000,1
2395.75,42,0,0,142500000,4
2395.75,4,2,0,90000,1
5476.0,5,4,0,150000,0
8556.25,5,4,0,250000,0
1026.75,0,0,0,40000,1
2395.75,0,0,0,125000,1
49284.0,0,0,0,900000,3
3422.5,0,0,0,100000,1
3422.5,0,0,0,175000,1
3080.25,0,0,0,150000,1
5818.25,6,4,0,125000,0
1369.0,3,3,0,100000,1
1026.75,0,0,0,1500000,1
1369.0,6,5,0,19500000,0
8214.0,3,0,0,97500000,0
2087.725,7,4,0,38000000,0
5476.0,4,6,0,125000,0
150.0,0,0,0,550000,1
1369.0,0,0,0,4500000,1
1369.0,0,0,3,210000,1
2395.75,4,3,0,29500000,0
1197.875,0,0,0,4500000,1
1369.0,6,0,0,14000000,1
1385.0,3,3,0,120000,1
2200.0,5,0,0,30000,1
7871.75,5,5,0,185000,0
1317.6625,0,0,0,43500000,1
2429.975,0,0,0,2800000,1
5476.0,17,5,0,300000,0
1369.0,5,4,0,200000,0
1112.3125,10,3,0,22000000,0
3.0,0,0,0,1125000,1
2738.0,5,3,0,120000,0
2053.5,3,2,1,29500000,0
2395.75,5,5,3,45000000,0
1369.0,12,4,0,22500000,0
5476.0,0,0,0,1600000,1
600.0,0,0,0,3000000,1
1711.25,4,3,0,100000,0
400.0,0,0,0,1700000,1
2010.71875,0,0,0,2500000,1
1197.875,3,4,0,18000000,0
2156.175,9,4,0,34500000,0
4791.5,7,6,0,72500000,0
1026.75,2,1,0,11500000,1
1711.25,9,7,0,27500000,0
18481.5,0,0,0,100000,1
1369.0,0,0,0,3500000,1
15.0,0,0,0,875000,1
1369.0,4,4,1,31500000,0
6502.75,0,0,0,170000000,2
9583.0,0,0,0,1700000,1
2139.0625,0,2,1,7700000,1
174.3,0,0,0,25000,1
3251.375,0,0,0,2650000,1
2395.75,0,0,0,6200000,1
1711.25,2,3,0,37500000,0
4107.0,0,0,0,3800000,1
1540.125,4,3,1,32500000,0
2738.0,3,3,5,80000,0
3098.25,0,0,0,600000,1
2524.09375,0,0,0,1900000,1
1593.0572,0,0,0,1600000,1
2738.0,0,0,0,1000000,1
2395.75,0,0,0,2400000,1
3280.0,0,0,0,390000,1
1369.0,0,0,0,17500000,1
2053.5,0,0,0,37500000,1
2916.0,0,0,0,12500000,1
1822.5,0,0,0,380000,1
2733.75,0,0,0,15000000,1
400.0,0,0,0,900000,1
700.0,0,0,0,1300000,1
21904.0,0,0,0,1500000,1
2395.75,2,1,1,25000000,1
1026.75,0,0,0,18000000,1
2053.5,3,3,1,65000,0
1540.125,0,0,0,2000000,1
1000.0,0,0,0,30000,1
18225.0,0,0,0,250000,1
1300.0,3,2,2,22000,1
800.0,2,1,2,20000,1
3764.75,0,0,0,4200000,1
7290.0,0,0,0,350000,1
817.0,11,2,2,15200000,0
1625.6875,2,1,0,13800000,1
38503.125,4,0,2,45000000,3
2395.75,4,6,0,57500000,0
500.0,0,0,0,600000,1
4107.0,4,3,3,175000,0
600.0,0,0,0,700000,1
1112.3125,0,0,0,1350000,1
1155.09375,8,4,1,29000000,0
1112.3125,7,0,0,17800000,1
1369.0,5,3,0,29000000,0
1475.953125,0,0,0,2400000,1
15401.25,0,0,0,2100000,1
4577.59375,7,5,3,6750000,0
1197.875,0,0,0,9000000,1
8556.25,5,4,4,400000,0
1540.125,0,0,0,3500000,1
1604.296875,0,0,0,45000000,1
420.0,0,0,0,2500000,1
3422.5,0,0,0,4100000,1
2738.0,0,0,0,51000000,1
2187.0,0,0,0,6700000,1
27380.0,0,0,0,550000,1
1775.421875,0,0,0,29000000,1
1561.515625,0,0,0,1900000,1
2224.625,0,0,0,75000000,1
1197.875,0,0,0,26500000,1
2224.625,0,0,0,36500000,1
1369.0,0,0,0,41000000,1
35594.0,0,0,0,40000000,3
44492.5,0,0,0,5600000,3
500.0,0,0,0,40000,1
2053.5,0,0,0,30000000,1
1112.3125,4,2,0,14200000,1
2738.0,0,0,0,5500000,1
1026.75,0,0,0,1700000,1
5561.5625,0,0,0,75,1
700.0,0,0,0,3200000,1
1197.875,0,0,0,17500000,1
1369.0,0,0,0,20000000,1
3422.5,0,0,0,2000000,1
5.0,0,0,0,3800000,1
1450.0,0,1,2,20000,1
3080.25,0,0,0,3000000,1
1711.25,2,1,0,15000000,1
4449.25,13,0,0,70000000,0
1060.975,6,3,0,16500000,0
2566.875,6,4,3,53000000,0
1882.375,0,0,0,3200000,1
2395.75,0,0,0,5500000,1
2395.75,0,0,0,3200000,1
5647.125,0,0,0,2550000,1
1095.2,0,0,0,1350000,1
752.95,0,0,0,3200000,1
2738.0,6,5,3,43000000,0
2053.5,9,1,1,21500000,0
1369.0,0,0,0,250000000,2
1093.5,3,1,0,6400000,1
6845.0,0,0,0,4300000,1
1197.875,4,3,2,24500000,0
2738.0,18,6,0,80000000,0
1369.0,0,0,0,3600000,1
3645.0,0,0,0,3800000,1
4449.25,0,0,0,3600000,1
3645.0,0,0,0,9000000,1
1822.5,15,6,10,23000000,5
1711.25,0,0,1,33500000,1
1711.25,9,4,0,32000000,0
855.625,0,0,1,14000000,1
1369.0,10,3,0,35000000,0
1437.45,4,4,0,25500000,0
1369.0,12,4,4,24000000,0
1796.8125,1,1,1,18700000,1
800.0,0,0,0,19500,1
9583.0,0,0,0,1600000,1
1197.875,5,3,0,16500000,0
1369.0,0,0,0,750000,1
27380.0,0,0,0,1250000,1
1026.75,0,0,0,25000000,1
1745.475,10,0,0,31800000,0
3080.25,0,0,0,2500000,1
1369.0,0,0,0,27500000,1
1403.225,0,0,0,26000000,1
600.0,0,0,0,800000,1
1369.0,4,0,0,9500000,1
1026.75,0,0,0,15000000,1
2000.0,4,3,0,43000,0
2224.625,0,0,0,150000000,2
1882.375,5,4,0,42500000,0
800.0,0,0,0,30000,1
1411.78125,0,0,0,1675000,1
700.0,0,0,0,6000000,1
3080.25,0,0,3,60000000,1
2087.725,0,0,0,40000000,1
1283.4375,0,0,0,29500000,1
1060.975,3,2,0,19000000,1
4278.125,0,0,0,7500000,1
1882.375,4,3,0,32500000,0
2224.625,5,5,0,44500000,0
1711.25,5,4,0,32000000,0
1471.675,5,3,0,26000000,0
6160.5,0,0,0,2800000,1
1095.2,4,2,0,9500000,1
5476.0,0,0,0,400000,1
1711.25,6,4,0,25000000,0
1369.0,5,2,0,17500000,0
1369.0,1,1,1,100000,1
1000.0,0,1,10,2200000,5
6845.0,0,0,0,40000000,1
300.0,0,0,0,1800000,1
855.625,3,1,0,6500000,1
1471.675,0,0,0,850000,1
4107.0,0,0,0,1350000,1
1026.75,3,1,1,12500000,1
1369.0,2,1,3,14999,1
1540.125,0,0,0,6000000,1
5133.75,7,5,8,70000000,5
3645.0,0,0,0,3800000,1
800.0,0,0,0,1700000,1
1197.875,2,1,4,14200000,0
600.0,0,0,0,1300000,1
700.0,0,0,0,1000000,1
1540.125,0,0,0,2500000,1
1668.46875,0,0,0,2800000,1
2395.75,0,0,0,1400000,1
8.0,0,0,0,55000000,1
2053.5,0,0,0,30000000,1
1095.2,2,1,2,12800000,1
1882.375,0,0,0,25000000,1
1112.3125,0,0,1,12500000,1
1711.25,0,0,0,4500000,1
1369.0,0,0,0,23000000,1
684.5,0,0,0,15000000,1
6203.28125,0,0,0,1600000,1
1369.0,0,0,1,25000000,1
1711.25,0,0,0,2300000,1
3272.765625,0,0,0,4500000,1
1026.75,9,4,0,39000000,0
14580.0,0,0,0,1300000,1
5540.171875,0,0,0,950000,1
1779.7,0,0,0,1650000,1
1369.0,0,0,0,20500000,1
1437.45,0,0,0,2100000,1
1369.0,0,0,0,2100000,1
1454.5625,10,3,2,27500000,0
1369.0,0,0,0,1650000,1
1155.09375,4,3,0,22835000,0
1026.75,9,3,0,16500000,0
1369.0,0,0,0,2100000,1
1369.0,0,0,0,1600000,1
12663.25,0,0,0,600000,1
1796.8125,5,4,2,32000000,0
27380.0,0,0,0,2500000,1
10952.0,0,0,0,650000,1
6845.0,0,0,0,12000000,1
3764.75,6,5,5,42000000,0
1540.125,3,2,4,50000,0
2840.675,0,0,0,66000000,1
1369.0,0,0,0,1850000,1
1822.5,0,0,0,600000,1
1369.0,0,0,0,1200000,1
1060.975,4,3,0,17000000,0
5989.375,0,0,0,3500000,1
1095.2,3,3,0,13000000,0
1882.375,0,0,0,1500000,1
76664.0,10,10,30,700000,5
10952.0,4,4,0,225000,0
600.0,0,0,0,1100000,1
1197.875,10,0,0,19500000,0
1197.875,0,0,0,2900000,1
3272.765625,0,0,0,4500000,1
11636.5,0,0,0,1600000,1
5133.75,0,0,0,1000000,1
4791.5,0,0,0,1100000,1
3400.0,2,3,0,55000000,0
1369.0,0,0,0,2250000,1
1780.0,3,4,0,22500000,0
1380.0,3,3,0,30000000,0
1500.0,3,3,0,20000000,0
1711.25,0,0,0,6500000,1
4107.0,0,0,0,6700000,1
30118.0,0,0,0,1000000,3
4107.0,0,0,0,2500000,1
4107.0,0,0,0,2600000,1
49284.0,0,0,0,250000,3
1711.25,0,0,0,2600000,1
10952.0,0,0,0,400000,1
21904.0,0,0,0,600000,1
4107.0,5,6,0,65000000,0
2224.625,6,4,0,28000000,0
300.0,0,0,0,500000,1
1925.15625,4,3,0,23000000,0
1026.75,5,4,0,35000000,0
3422.5,5,5,4,70000000,0
5048.1875,6,7,4,80000000,0
1129.425,7,4,0,22500000,0
3422.5,5,5,0,60000000,0
10952.0,5,8,0,170000000,2
200.0,0,0,0,2500000,1
1197.875,5,2,0,22700000,0
1197.875,9,0,0,19800000,0
2053.5,7,3,0,33500000,0
200.0,0,0,0,850000,1
300.0,0,0,0,2500000,1
1711.25,0,0,0,52500000,1
250.0,0,0,0,630000,1
1095.2,0,0,0,15100000,1
1540.125,6,4,3,25000000,0
1060.975,4,4,0,17000000,0
1200.0,0,0,0,1700000,1
1000.0,0,0,0,3500000,1
1133.703125,5,2,2,25500000,0
200.0,0,0,0,600000,1
1197.875,0,0,0,22500000,1
1437.45,10,0,0,34500000,0
250.0,0,0,0,2000000,1
200.0,0,0,0,750000,1
150.0,0,0,0,300000,1
250.0,0,0,0,550000,1
8042.875,0,0,0,4500000,1
2053.5,0,0,0,2100000,1
2378.0,0,0,0,90,1
3721.96875,0,0,0,2500000,1
1711.25,0,0,0,4000000,1
150.0,0,0,0,450000,1
200.0,0,0,0,1200000,1
300.0,0,0,0,400000,1
500.0,0,0,0,750000,1
1369.0,3,2,0,50000,1
500.0,0,0,0,3500000,1
600.0,0,0,0,1500000,1
800.0,0,0,0,1300000,1
150.0,0,0,0,600000,1
500.0,0,0,0,600000,1
1000.0,0,0,0,650000,1
500.0,0,0,0,450000,1
1200.0,0,0,0,450000,1
200.0,0,0,0,500000,1
5133.75,5,4,4,52500000,0
1711.25,0,0,0,1700000,1
1026.75,0,0,0,2100000,1
1500.0,0,0,0,6000000,1
1433.171875,0,0,0,5860000,1
2430.0,0,0,0,1500000,1
500.0,0,0,0,9000,1
1200.0,2,1,0,60000,1
5476.0,0,0,0,150000,1
900.0,2,2,0,40000,1
1200.0,3,1,0,40000,1
2395.75,0,0,0,3400000,1
1711.25,7,5,0,20500000,0
1882.375,0,0,0,5700000,1
2909.125,4,4,1,39077000,0
2139.0625,6,5,0,37500000,0
800.0,2,1,0,25000,1
1369.0,8,3,1,31000000,0
1155.09375,5,3,0,27000000,0
2053.5,2,1,0,22000,1
1540.125,0,0,0,21500000,1
1711.25,0,0,0,25500000,1
1197.875,4,4,0,45000,0
2738.0,3,3,1,85000,0
13690.0,4,4,3,300000,0
5476.0,11,4,4,380000,0
6845.0,5,3,4,250000,0
5.0,4,4,0,60000,0
5476.0,5,4,4,140000,0
12.0,5,3,3,150000,0
2053.5,0,0,0,2400000,1
2738.0,4,2,2,40000000,0
3422.5,0,0,0,3300000,1
1437.45,0,0,0,20000000,1
14.0,7,5,5,325000,0
2352.96875,0,0,0,32500000,1
2738.0,5,2,0,100000,1
1197.875,6,4,0,70000,0
2738.0,0,0,0,45000000,1
2738.0,0,0,0,100000,1
1369.0,4,3,0,21500000,0
3764.75,0,0,0,1200000,1
2100.0,4,3,2,125000,0
14374.5,0,0,0,600000,1
2738.0,3,4,0,150000,0
61965.0,0,0,0,2200000,3
1197.875,5,2,0,55000,1
1369.0,0,0,0,3300000,1
2395.75,5,5,0,150000,0
66314.36,0,0,0,1500000,3
5476.0,0,0,5,70000000,0
1882.375,5,5,0,200000,0
2738.0,0,0,4,47500000,1
6845.0,0,0,0,3500000,1
10952.0,6,6,10,550000,5
4449.25,5,4,2,150000,0
5133.75,0,0,0,180000,1
5476.0,7,4,0,125000,0
5561.5625,8,4,5,350000,0
1711.4601,0,0,0,12500000,1
1800.0,3,3,0,25000000,0
3700.0,4,4,0,45000000,0
3700.0,4,4,0,45000000,0
2450.0,3,3,0,35000000,0
16428.0,0,0,0,400000,1
7187.25,0,0,0,3700000,1
1026.75,0,0,0,11400000,1
877.015625,0,0,0,11400000,1
6845.0,0,0,0,4000000,1
1026.75,0,0,0,1750000,1
2738.0,0,0,0,4800000,1
1095.2,4,0,0,12000000,1
1026.75,0,0,0,366666,1
19166.0,0,0,0,180000000,2
1304.828125,0,0,0,1500000,1
1437.45,0,0,0,2700000,1
4791.5,0,0,0,1050000,1
1060.975,10,0,4,14500000,0
1369.0,3,4,0,36500000,0
4100.0,2,3,0,220000,1
1369.0,0,0,0,1300000,1
3080.25,0,0,0,2000000,1
1369.0,0,0,0,1400000,1
2812.5,0,0,0,700000,1
1369.0,7,0,4,24000000,0
3375.0,0,0,0,15000000,1
1369.0,11,0,4,20400000,0
1540.125,0,0,0,27000000,1
1369.0,0,0,0,30000000,1
2871.0,0,0,0,18000000,1
2395.75,0,0,0,35000000,1
5985.0,0,0,0,600000,1
2812.5,0,0,0,1150000,1
1437.45,0,0,0,700000,1
1689.859375,0,0,0,1400000,1
44492.5,0,0,0,35700000,3
54760.0,0,0,0,250000,3
1095.2,0,0,0,1100000,1
1060.975,7,6,4,16000000,0
1369.0,0,0,0,2700000,1
1095.2,4,1,0,9000000,1
1369.0,2,1,0,13000000,1
2053.5,0,0,0,1800000,1
2025.0,0,0,0,900000,1
1369.0,0,0,0,1600000,1
1711.25,0,0,0,25000000,1
1232.1,3,4,0,45000,0
1095.2,0,0,0,1800000,1
941.1875,3,3,1,19500000,0
1095.2,4,3,4,17000000,0
5476.0,4,3,0,90000,0
10267.5,5,5,15,350000,5
4791.5,6,4,8,100000,5
3422.5,4,4,2,150000,0
16428.0,5,7,2,500000,0
2395.75,10,0,3,38000000,0
2738.0,5,3,0,130000,0
16428.0,8,6,5,300000,0
4107.0,4,4,3,110000,0
13.0,4,4,5,1500000,0
1369.0,0,0,0,25000,1
8214.0,8,2,2,165000,0
1197.875,1,1,1,20000000,1
1882.375,3,3,1,25000000,0
3935.875,5,3,2,120000,0
2551.5,0,0,0,100000,1
43740.0,0,0,0,550000,3
5476.0,5,3,2,150000,0
11.0,7,3,4,150000,0
94770.0,0,0,0,1000000,3
2500.0,4,6,1,160000,0
72900.0,0,0,0,550000,3
18225.0,0,0,0,300000,1
32805.0,0,0,0,1300000,3
1711.25,0,0,0,260000,1
4449.25,14,6,6,270000,0
1275.75,10,4,0,25000000,0
1283.4375,3,4,1,144000,0
3827.25,0,0,0,125000,1
7290.0,0,0,0,2200000,1
1822.5,0,0,0,1700000,1
1711.25,5,4,0,80000,0
1540.125,0,5,3,125000,0
2395.75,7,5,3,200000,0
14716.75,4,4,5,300000,0
2224.625,21,18,2,125000,4
20.0,0,0,12,560000,5
1197.875,6,2,1,17500000,0
1155.09375,0,0,0,4400000,1
1369.0,4,3,0,25000000,0
5476.0,5,0,4,59900000,0
1403.225,10,0,3,29900000,0
2738.0,0,0,0,4200000,1
2806.45,0,0,0,55000000,1
1540.125,4,0,0,26500000,1
1497.34375,8,6,4,32500000,0
2053.5,0,0,0,6000000,1
3764.75,0,0,0,4500000,1
1176.484375,7,4,1,21500000,0
2053.5,0,0,0,5000000,1
2738.0,0,0,0,5000000,1
1540.125,0,0,0,2800000,1
2395.75,8,4,1,38000000,0
4107.0,0,0,0,2500000,1
1625.6875,7,3,1,25000000,0
2053.5,0,0,0,3200000,1
5133.75,0,0,0,2400000,1
1026.75,15,5,0,24000000,0
2053.5,0,0,0,3200000,1
2395.75,0,0,0,4200000,1
1711.25,0,0,0,480000,1
1197.875,8,4,0,17000000,0
1779.7,0,0,0,3000000,1
1369.0,0,0,0,3250000,1
3422.5,0,0,0,3700000,1
1471.675,5,3,2,26000000,0
1369.0,6,3,0,29000000,0
1133.703125,3,2,1,13500000,1
1369.0,6,2,0,22800000,0
3.5,3,3,0,26000000,0
2224.625,0,0,0,6000000,1
1369.0,6,4,0,27500000,0
1071.2425,4,3,0,22500000,0
16428.0,4,5,10,400000,5
1197.875,7,2,0,15500000,0
2224.625,5,0,0,30000000,1
2053.5,6,3,0,51500000,0
3.1,11,0,0,15000000,0
32856.0,11,0,0,45000000,3
1711.25,11,0,0,33000000,0
2395.75,12,0,4,40000000,0
1060.975,9,0,3,18200000,0
4.0,5,4,3,19200000,0
1197.875,12,0,0,17700000,0
1026.75,7,0,0,17000000,1
2053.5,10,0,3,29800000,0
1197.875,9,0,0,21000000,0
2053.5,6,3,4,34000000,0
1369.0,0,0,0,1450000,1
6.0,6,4,4,40000000,0
1369.0,0,0,0,2150000,1
1026.75,3,3,0,19900000,0
1026.75,10,0,0,16800000,0
6023.6,5,3,4,100000,0
8611.119999999999,1,1,1,9000,1
4406.46875,9,4,4,63000000,0
9856.8,0,0,0,100,1
1026.75,3,2,3,12500000,0
1240.65625,5,2,3,14200000,0
1048.140625,5,4,3,20000000,0
1095.2,5,3,2,19500000,0
1060.975,4,2,2,21000000,0
3456.725,5,2,4,100000000,0
1048.140625,6,4,3,22500000,0
1369.0,5,4,4,37000000,0
1326.21875,4,3,4,19000000,0
3080.25,5,5,4,45000000,0
1369.0,6,3,3,16500000,0
5347.65625,0,0,0,88000000,1
1437.45,10,6,4,29000000,0
7666.4,0,0,0,7500000,1
2395.75,0,0,0,55000000,1
1095.2,6,4,3,36000000,0
1095.2,10,6,4,24000000,0
1026.75,4,1,2,12000000,1
2374.359375,0,0,0,8500000,1
1411.78125,12,4,5,45000000,0
1095.2,3,3,2,15000000,0
2395.75,0,0,0,1000000,1
165.0,0,0,0,500000,1
1711.25,4,2,0,20000000,1
1026.75,4,4,2,16000000,0
983.96875,4,4,4,37500000,0
6078.360000000001,0,0,0,20000000,1
752.95,9,9,3,31000000,0
752.95,5,4,3,20500000,0
1411.78125,4,5,3,26000000,0
1100.0,2,2,2,120000,1
800.0,2,2,2,7500000,1
1000.0,2,2,2,100000,1
1582.0,3,3,2,17500000,0
2566.875,0,0,0,5500000,1
1100.0,2,2,2,110000,1
1625.6875,4,3,1,25000000,0
1796.8125,3,3,1,28500000,0
68450.0,0,0,0,50000,3
61605.0,0,0,0,40000,3
12047.2,0,0,0,250000,1
400.0,0,0,0,3000000,1
2053.5,0,0,0,2400000,1
1711.25,0,0,0,3500000,1
1775.421875,4,3,1,14500000,0
1775.421875,6,4,1,27500000,0
1369.0,0,0,0,2600000,1
5476.0,6,2,0,60000,0
1300.0,3,2,0,120000,1
1200.0,2,2,0,150000,1
3400.0,2,3,0,55000000,0
750.0,2,1,0,40000,1
1350.0,3,2,0,16500000,1
6759.4375,0,3,0,30000000,1
3422.5,5,2,5,125000,0
4449.25,5,3,2,250000,0
4107.0,5,6,0,65000000,0
11294.25,10,10,0,235000000,2
4449.25,0,0,0,4500000,1
1048.140625,10,6,0,47500000,0
3422.5,0,0,0,950000,1
1540.125,10,4,0,35000000,0
1818.203125,0,0,0,2000000,1
1347.609375,0,0,0,2500000,1
10952.0,14,5,0,300000,0
6160.5,0,0,0,60000,1
1540.125,3,3,0,60000,1
1300.0,3,2,0,55000,1
1283.4375,5,3,0,20000000,0
3000.0,3,4,0,25000000,0
3080.25,7,7,0,49500000,0
62289.5,0,0,0,300000,3
2053.5,4,4,0,18000000,0
3251.375,0,0,0,6000000,1
2738.0,0,0,0,2650000,1
1219.265625,6,0,0,43500000,1
2429.975,14,4,0,35000000,0
4107.0,0,0,0,60000000,1
7529.5,0,0,0,4200000,1
1642.8,4,2,0,13000000,1
2498.425,0,0,0,2700000,1
2053.5,0,0,0,2100000,1
2087.725,7,4,4,38000000,0
1112.3125,0,0,0,3700000,1
2429.975,0,0,0,2800000,1
4192.5625,3,4,4,70000000,0
53647.6875,0,0,0,251000000,2
2823.5625,8,7,0,41500000,0
1369.0,12,4,0,22500000,0
2395.75,0,0,0,5500000,1
1689.859375,5,2,0,40100000,0
5133.75,0,0,0,1800000,1
12000.0,0,0,0,975000,1
1454.5625,23,16,4,65000000,4
4192.5625,0,0,0,13000000,1
6074.9375,0,0,0,13500000,1
27380.0,0,0,0,13000000,1
5476.0,4,3,3,150000,0
2053.5,0,0,0,2500000,1
1026.75,5,3,1,16500000,0
20535.0,0,0,0,2700000,1
4192.5625,0,0,0,4800000,1
6845.0,0,0,0,1850000,1
2053.5,0,0,0,6800000,1
1000.0,2,2,0,95000,1
43808.0,0,0,0,1750000,3
1796.8125,0,0,0,55000000,1
1369.0,0,0,0,6000000,1
2000.0,0,0,0,270000,1
10952.0,0,0,0,1600000,1
5476.0,0,0,0,2100000,1
1369.0,0,0,0,2600000,1
10952.0,0,0,0,3200000,1
1711.25,0,0,0,2500000,1
2139.0625,4,3,0,26000000,0
1197.875,0,0,0,5100000,1
8214.0,0,0,0,400000,1
6845.0,4,3,1,160000,0
2429.975,8,7,2,33000000,0
1369.0,4,3,1,45000,0
8214.0,4,3,1,250000,0
3000.0,5,5,1,525000,0
2000.0,0,2,1,55000,1
8214.0,0,0,0,350000,1
2566.875,4,4,2,55000000,0
11978.75,14,4,10,350000,5
2900.0,0,0,0,3500000,1
3764.75,0,0,0,5500000,1
2395.75,0,0,0,4500000,1
2566.875,6,3,2,100000,0
22930.75,0,0,0,62000000,1
7529.5,0,0,0,240000000,2
3764.75,0,13,12,110000000,5
10267.5,0,0,0,350000000,2
2000.0,0,0,0,1000001,1
3080.25,0,0,0,15000000,1
2738.0,0,0,0,2800000,1
18481.5,0,0,0,5800000,1
2738.0,7,3,2,100000,0
300.0,2,1,0,15500,1
27380.0,0,0,0,1500000,1
3080.25,5,5,3,75000,0
1197.875,0,0,0,1600000,1
1369.0,0,0,0,875000,1
683.0,2,1,1,12500000,1
1582.90625,0,0,0,2000000,1
2395.75,0,0,0,2200000,1
1540.125,0,0,0,4500000,1
5920.925,4,6,5,110000000,2
5133.75,5,4,4,62500000,0
4449.25,0,0,0,5200000,1
7529.5,0,0,0,1550000,1
65712.0,3,2,1,13000000,3
65712.0,3,2,1,13000000,3
2566.875,6,3,2,35000000,0
4021.4375,4,5,4,36500000,0
1711.25,5,5,2,26000000,0
1197.875,4,1,1,11000000,1
1369.0,8,2,1,19000000,0
1711.25,5,5,2,25000000,0
1711.25,12,4,2,20000000,0
1369.0,0,0,0,15000000,1
1711.25,7,5,2,29000000,0
1625.6875,0,0,0,2200000,1
2053.5,0,0,0,1850000,1
1711.25,0,0,0,3500000,1
2823.5625,0,0,0,6000000,1
1454.5625,3,2,1,29000000,0
1711.25,0,0,0,3800000,1
1711.25,0,0,0,5500000,1
2053.5,0,0,0,5500000,1
1369.0,0,0,0,5500000,1
2738.0,0,0,0,5500000,1
1860.984375,6,3,2,25000000,0
4107.0,6,4,3,40000000,0
5476.0,0,0,0,350000,1
2224.625,0,0,0,4500000,1
1839.59375,0,0,0,700000,1
2053.5,5,4,3,30000000,0
4107.0,5,6,3,80000000,0
4791.5,0,0,0,25000000,1
1197.875,4,2,2,18000000,0
1925.15625,7,3,2,23000000,0
3764.75,0,0,0,35000000,1
2395.75,11,6,2,35000000,0
1369.0,6,4,0,45000000,0
2395.75,4,3,2,29500000,0
1540.125,10,5,2,21000000,0
1540.125,12,5,1,28000000,0
3600.0,4,5,2,200000,0
2395.75,0,0,0,170000000,2
11294.25,0,0,0,3600000,1
1133.703125,0,0,0,11700000,1
2053.5,0,0,0,4000000,1
1582.90625,0,0,0,4000000,1
1336.0,3,2,1,11000000,1
1582.90625,0,0,0,2500000,1
1026.75,0,0,0,32500000,1
12321.0,5,4,7,140000000,2
10952.0,4,5,7,105000000,5
18139.25,5,2,7,59000000,5
10267.5,4,3,5,6500000,0
38503.125,0,0,0,2700000,3
5476.0,5,5,5,500000,0
855.625,4,2,1,12000000,0
2738.0,5,3,1,27000000,0
17454.75,9,3,4,300000,0
4449.25,5,2,5,72500000,0
